atom_id_old_donor,atom_id_old_acceptor,name_old,residue_old,residue_id_old,atom_id_new_donor,atom_id_new_acceptor,status,name_new,residue_new,residue_id_new
2403.0,2459.0,HN,LEU,159.0,2426.0,2482.0,conserved,HN,LEU,159.0
1893.0,1936.0,HN,LEU,126.0,1908.0,1947.0,conserved,HN,LEU,126.0
1874.0,1932.0,HG1,SER,125.0,,,lost,,,
2565.0,2594.0,HN,GLY,167.0,2588.0,2617.0,conserved,HN,GLY,167.0
1555.0,1605.0,HN,ALA,104.0,1570.0,1620.0,conserved,HN,ALA,104.0
1258.0,1315.0,HN,TYR,86.0,1258.0,1315.0,conserved,HN,TYR,86.0
2079.0,2136.0,HN,SER,139.0,2090.0,2147.0,conserved,HN,SER,139.0
1078.0,1095.0,O,GLU,71.0,1078.0,1095.0,conserved,O,GLU,71.0
839.0,877.0,HN,SER,57.0,839.0,877.0,conserved,HN,SER,57.0
1080.0,1220.0,HN,ILE,81.0,1080.0,1220.0,conserved,HN,ILE,81.0
3161.0,3214.0,HG1,THR,208.0,3183.0,3237.0,conserved,HG1,THR,208.0
1661.0,1705.0,HN,THR,110.0,1676.0,1720.0,conserved,HN,THR,110.0
1717.0,1759.0,HN,LEU,114.0,1732.0,1774.0,conserved,HN,LEU,114.0
1047.0,1281.0,HN,ALA,84.0,1047.0,1281.0,conserved,HN,ALA,84.0
2746.0,2791.0,HN,VAL,181.0,2769.0,2814.0,conserved,HN,VAL,181.0
689.0,743.0,HN,VAL,48.0,689.0,743.0,conserved,HN,VAL,48.0
637.0,3704.0,HN,THR,236.0,637.0,3724.0,conserved,HN,THR,236.0
1127.0,1170.0,O,GLU,77.0,1127.0,1170.0,conserved,O,GLU,77.0
1776.0,1817.0,HN,ASH,118.0,1791.0,1832.0,conserved,HN,ASH,118.0
674.0,733.0,HN,ALA,47.0,674.0,733.0,conserved,HN,ALA,47.0
533.0,669.0,HH12,ARG,43.0,533.0,669.0,conserved,HH12,ARG,43.0
1874.0,1925.0,HN,SER,125.0,,,lost,,,
426.0,488.0,HN,VAL,32.0,426.0,488.0,conserved,HN,VAL,32.0
1660.0,1715.0,HG1,THR,110.0,1675.0,1730.0,conserved,HG1,THR,110.0
946.0,996.0,HN,PHE,65.0,946.0,996.0,conserved,HN,PHE,65.0
1661.0,1689.0,HN,VAL,109.0,1676.0,1704.0,conserved,HN,VAL,109.0
392.0,449.0,HN,PHE,30.0,392.0,449.0,conserved,HN,PHE,30.0
865.0,898.0,HN,ALA,59.0,865.0,898.0,conserved,HN,ALA,59.0
1357.0,1415.0,HG1,THR,92.0,1357.0,1432.0,conserved,HG1,THR,92.0
2036.0,2048.0,HG1,THR,133.0,2047.0,2059.0,conserved,HG1,THR,133.0
2181.0,2942.0,O,PRO,189.0,2192.0,2965.0,conserved,O,PRO,189.0
2626.0,3613.0,HN,ARG,230.0,2649.0,3633.0,conserved,HN,ARG,230.0
2654.0,2701.0,HN,ASN,175.0,2677.0,2724.0,conserved,HN,ASN,175.0
2805.0,2861.0,HN,TRP,185.0,2828.0,2884.0,conserved,HN,TRP,185.0
2654.0,2710.0,HD21,ASN,175.0,2677.0,2733.0,conserved,HD21,ASN,175.0
2897.0,2944.0,HN,ILE,190.0,2920.0,2967.0,conserved,HN,ILE,190.0
2625.0,3632.0,HH21,ARG,230.0,2648.0,3652.0,conserved,HH21,ARG,230.0
2060.0,2115.0,HN,TYR,138.0,2071.0,2126.0,conserved,HN,TYR,138.0
441.0,3514.0,OE1,GLN,224.0,,,lost,,,
3235.0,3293.0,HN,VAL,213.0,3258.0,3316.0,conserved,HN,VAL,213.0
3635.0,3666.0,HN,LEU,233.0,3655.0,3686.0,conserved,HN,LEU,233.0
226.0,273.0,HN,GLY,19.0,226.0,273.0,conserved,HN,GLY,19.0
1150.0,1167.0,OE1,GLU,77.0,1150.0,1167.0,conserved,OE1,GLU,77.0
49.0,73.0,HN,LEU,6.0,49.0,73.0,conserved,HN,LEU,6.0
886.0,929.0,HN,LEU,61.0,886.0,929.0,conserved,HN,LEU,61.0
2193.0,2245.0,HN,THR,145.0,2204.0,2256.0,conserved,HN,THR,145.0
1857.0,1911.0,HN,THR,124.0,1872.0,1926.0,conserved,HN,THR,124.0
2824.0,2895.0,HG1,THR,186.0,2847.0,2918.0,conserved,HG1,THR,186.0
927.0,976.0,HN,PHE,64.0,927.0,976.0,conserved,HN,PHE,64.0
3254.0,3309.0,HN,LEU,214.0,3277.0,3332.0,conserved,HN,LEU,214.0
3291.0,3340.0,HN,VAL,216.0,3314.0,3363.0,conserved,HN,VAL,216.0
624.0,3699.0,OD1,ASP,235.0,624.0,3719.0,conserved,OD1,ASP,235.0
2713.0,2762.0,HN,ALA,179.0,2736.0,2785.0,conserved,HN,ALA,179.0
1815.0,1859.0,HN,MET,121.0,1830.0,1874.0,conserved,HN,MET,121.0
2942.0,3006.0,HN,ILE,193.0,2965.0,3029.0,conserved,HN,ILE,193.0
2134.0,2195.0,HN,LEU,142.0,2145.0,2206.0,conserved,HN,LEU,142.0
2521.0,2549.0,HZ1,LYS,164.0,2544.0,2572.0,conserved,HZ1,LYS,164.0
625.0,3716.0,O,THR,236.0,625.0,3736.0,conserved,O,THR,236.0
1289.0,1346.0,HN,ASH,88.0,1289.0,1346.0,conserved,HN,ASH,88.0
1466.0,1525.0,HN,ASH,99.0,1481.0,1540.0,conserved,HN,ASH,99.0
1953.0,1991.0,HN,LEU,130.0,1964.0,2002.0,conserved,HN,LEU,130.0
14.0,154.0,O,PRO,11.0,14.0,154.0,conserved,O,PRO,11.0
604.0,642.0,HN,ALA,42.0,604.0,642.0,conserved,HN,ALA,42.0
2050.0,2091.0,HN,ARG,137.0,2061.0,2102.0,conserved,HN,ARG,137.0
106.0,118.0,HN,ARG,10.0,106.0,118.0,conserved,HN,ARG,10.0
2311.0,2364.0,HN,TYR,153.0,2334.0,2387.0,conserved,HN,TYR,153.0
2383.0,2444.0,HG1,THR,157.0,2406.0,2467.0,conserved,HG1,THR,157.0
347.0,394.0,HN,THR,27.0,347.0,394.0,conserved,HN,THR,27.0
650.0,712.0,HN,TYR,46.0,650.0,712.0,conserved,HN,TYR,46.0
2169.0,2234.0,HN,SER,144.0,2180.0,2245.0,conserved,HN,SER,144.0
3049.0,3098.0,HN,GLY,200.0,3072.0,3120.0,conserved,HN,GLY,200.0
330.0,387.0,HN,GLY,26.0,330.0,387.0,conserved,HN,GLY,26.0
1097.0,1206.0,O,LEU,79.0,1097.0,1206.0,lost,,,
1703.0,1745.0,HN,THR,113.0,1718.0,1760.0,conserved,HN,THR,113.0
2928.0,2982.0,HN,TRP,192.0,2951.0,3005.0,conserved,HN,TRP,192.0
3374.0,3477.0,HN,PHE,222.0,,,lost,,,
2446.0,2509.0,HG1,SER,161.0,2469.0,2532.0,conserved,HG1,SER,161.0
3502.0,3559.0,HN,LEU,227.0,3519.0,3579.0,conserved,HN,LEU,227.0
1344.0,1385.0,HN,PHE,91.0,1344.0,1402.0,conserved,HN,PHE,91.0
1504.0,1557.0,HN,ALA,101.0,1519.0,1572.0,conserved,HN,ALA,101.0
521.0,564.0,O,GLY,36.0,521.0,564.0,conserved,O,GLY,36.0
1757.0,1801.0,HN,VAL,117.0,1772.0,1816.0,conserved,HN,VAL,117.0
1736.0,1778.0,HN,VAL,115.0,1751.0,1793.0,conserved,HN,VAL,115.0
1355.0,1357.0,O,ASH,88.0,1355.0,1357.0,lost,,,
846.0,888.0,HN,ALA,58.0,846.0,888.0,conserved,HN,ALA,58.0
138.0,994.0,O,PHE,64.0,138.0,994.0,conserved,O,PHE,64.0
1111.0,1189.0,HN,LEU,79.0,1111.0,1189.0,conserved,HN,LEU,79.0
809.0,848.0,HN,ILE,55.0,809.0,848.0,conserved,HN,ILE,55.0
2628.0,2677.0,HG1,THR,173.0,2651.0,2700.0,conserved,HG1,THR,173.0
1433.0,1487.0,HN,LEU,97.0,,,lost,,,
2699.0,2758.0,HG1,THR,178.0,2722.0,2781.0,conserved,HG1,THR,178.0
2446.0,2502.0,HN,SER,161.0,2469.0,2525.0,conserved,HN,SER,161.0
502.0,559.0,HN,GLY,36.0,502.0,559.0,conserved,HN,GLY,36.0
2362.0,2424.0,HN,ALA,156.0,2385.0,2447.0,conserved,HN,ALA,156.0
3161.0,3204.0,HN,THR,208.0,3183.0,3227.0,conserved,HN,THR,208.0
3468.0,3504.0,HN,GLN,224.0,,,lost,,,
875.0,908.0,HN,TYR,60.0,875.0,908.0,conserved,HN,TYR,60.0
3495.0,3540.0,HN,LEU,226.0,3512.0,3560.0,conserved,HN,LEU,226.0
2500.0,2533.0,HN,LYS,164.0,2523.0,2556.0,conserved,HN,LYS,164.0
957.0,1023.0,HN,ILE,67.0,957.0,1023.0,conserved,HN,ILE,67.0
2104.0,3079.0,O,GLH,197.0,,,lost,,,
1838.0,1895.0,HN,VAL,123.0,1853.0,1910.0,conserved,HN,VAL,123.0
106.0,131.0,HE,ARG,10.0,106.0,131.0,conserved,HE,ARG,10.0
1660.0,1705.0,HN,THR,110.0,1675.0,1720.0,conserved,HN,THR,110.0
1447.0,1506.0,HN,LEU,98.0,1462.0,1521.0,conserved,HN,LEU,98.0
1909.0,1955.0,HN,ILE,127.0,1924.0,1966.0,conserved,HN,ILE,127.0
2019.0,2107.0,HH11,ARG,137.0,2030.0,2118.0,conserved,HH11,ARG,137.0
2644.0,2681.0,HN,PHE,174.0,2667.0,2704.0,conserved,HN,PHE,174.0
1357.0,1405.0,HN,THR,92.0,1357.0,1422.0,conserved,HN,THR,92.0
628.0,676.0,HN,GLU,44.0,628.0,676.0,conserved,HN,GLU,44.0
2476.0,2523.0,HN,ALA,163.0,2499.0,2546.0,conserved,HN,ALA,163.0
311.0,368.0,HN,ILE,25.0,311.0,368.0,conserved,HN,ILE,25.0
3475.0,3521.0,HN,ILE,225.0,3492.0,3541.0,conserved,HN,ILE,225.0
921.0,3336.0,OD2,ASP,215.0,921.0,3359.0,conserved,OD2,ASP,215.0
49.0,54.0,HN,LEU,5.0,49.0,54.0,lost,,,
1603.0,2586.0,HH11,ARG,166.0,1618.0,2609.0,conserved,HH11,ARG,166.0
1364.0,1419.0,HN,VAL,93.0,,,lost,,,
1485.0,1538.0,HN,LEU,100.0,1500.0,1553.0,lost,,,
1536.0,1586.0,HN,LEU,103.0,1551.0,1601.0,conserved,HN,LEU,103.0
2679.0,2729.0,HN,LEU,177.0,2702.0,2752.0,conserved,HN,LEU,177.0
1143.0,1170.0,O,GLU,77.0,1143.0,1170.0,conserved,O,GLU,77.0
1923.0,1974.0,HN,GLY,128.0,1938.0,1985.0,conserved,HN,GLY,128.0
790.0,841.0,HN,GLY,54.0,790.0,841.0,conserved,HN,GLY,54.0
906.0,955.0,HG1,SER,62.0,906.0,955.0,conserved,HG1,SER,62.0
974.0,1016.0,HN,GLY,66.0,974.0,1016.0,conserved,HN,GLY,66.0
2727.0,2772.0,HN,LEU,180.0,2750.0,2795.0,conserved,HN,LEU,180.0
1523.0,1567.0,HN,LEU,102.0,1538.0,1582.0,conserved,HN,LEU,102.0
710.0,769.0,HG1,THR,49.0,710.0,769.0,conserved,HG1,THR,49.0
107.0,137.0,HH21,ARG,10.0,107.0,137.0,conserved,HH21,ARG,10.0
725.0,3576.0,O,LEU,227.0,725.0,3596.0,conserved,O,LEU,227.0
2432.0,2491.0,HE,ARG,160.0,2455.0,2514.0,conserved,HE,ARG,160.0
1631.0,3699.0,OD1,ASP,235.0,1646.0,3719.0,conserved,OD1,ASP,235.0
2128.0,3086.0,O,GLY,198.0,2139.0,3108.0,conserved,O,GLY,198.0
245.0,290.0,HG1,THR,20.0,245.0,290.0,conserved,HG1,THR,20.0
2243.0,2277.0,HN,MET,148.0,2254.0,2300.0,conserved,HN,MET,148.0
2257.0,2294.0,HN,ILE,149.0,2268.0,2317.0,conserved,HN,ILE,149.0
640.0,691.0,HN,TYR,45.0,640.0,691.0,conserved,HN,TYR,45.0
3274.0,3328.0,HN,ASP,215.0,3297.0,3351.0,conserved,HN,ASP,215.0
406.0,469.0,HN,LEU,31.0,406.0,469.0,conserved,HN,LEU,31.0
1168.0,2052.0,HN,ALA,134.0,1168.0,2063.0,conserved,HN,ALA,134.0
3168.0,3218.0,HN,LEU,209.0,3190.0,3241.0,conserved,HN,LEU,209.0
1157.0,1167.0,OE1,GLU,77.0,1157.0,1167.0,conserved,OE1,GLU,77.0
385.0,428.0,HN,TYR,29.0,385.0,428.0,conserved,HN,TYR,29.0
2628.0,2667.0,HN,THR,173.0,2651.0,2690.0,conserved,HN,THR,173.0
278.0,332.0,HN,MET,23.0,278.0,332.0,conserved,HN,MET,23.0
2457.0,2513.0,HN,ALA,162.0,2480.0,2536.0,conserved,HN,ALA,162.0
2699.0,2748.0,HN,THR,178.0,2722.0,2771.0,conserved,HN,THR,178.0
2327.0,2385.0,HN,PHE,154.0,2350.0,2408.0,conserved,HN,PHE,154.0
1663.0,1719.0,HN,ILE,111.0,1678.0,1734.0,conserved,HN,ILE,111.0
2665.0,2725.0,HG1,THR,176.0,2688.0,2748.0,conserved,HG1,THR,176.0
366.0,408.0,HN,PHE,28.0,366.0,408.0,conserved,HN,PHE,28.0
1279.0,1336.0,HN,ALA,87.0,1279.0,1336.0,conserved,HN,ALA,87.0
347.0,404.0,HG1,THR,27.0,347.0,404.0,conserved,HG1,THR,27.0
1972.0,2017.0,HG1,SER,131.0,1983.0,2028.0,conserved,HG1,SER,131.0
825.0,867.0,HN,ALA,56.0,825.0,867.0,conserved,HN,ALA,56.0
1631.0,3700.0,OD2,ASP,235.0,1646.0,3720.0,conserved,OD2,ASP,235.0
2613.0,2663.0,HG1,SER,172.0,2636.0,2686.0,conserved,HG1,SER,172.0
2760.0,2807.0,HN,LEU,182.0,2783.0,2830.0,conserved,HN,LEU,182.0
1874.0,2241.0,HG1,SER,144.0,1889.0,2252.0,conserved,HG1,SER,144.0
906.0,959.0,HN,MET,63.0,906.0,959.0,conserved,HN,MET,63.0
2907.0,2963.0,HN,LEU,191.0,2930.0,2986.0,conserved,HN,LEU,191.0
2089.0,2147.0,HN,TRP,140.0,2100.0,2158.0,conserved,HN,TRP,140.0
2292.0,2345.0,HN,LEU,152.0,2315.0,2368.0,conserved,HN,LEU,152.0
1334.0,1366.0,HN,LEU,90.0,1334.0,1383.0,conserved,HN,LEU,90.0
896.0,948.0,HN,SER,62.0,896.0,948.0,conserved,HN,SER,62.0
3051.0,3199.0,OE1,GLU,207.0,,,lost,,,
2494.0,2708.0,OD1,ASN,175.0,2517.0,2731.0,conserved,OD1,ASN,175.0
3326.0,3376.0,HN,ALA,218.0,3349.0,3393.0,conserved,HN,ALA,218.0
1972.0,2010.0,HN,SER,131.0,1983.0,2021.0,lost,,,
2343.0,2405.0,HN,LEU,155.0,2366.0,2428.0,conserved,HN,LEU,155.0
637.0,3714.0,HG1,THR,236.0,637.0,3734.0,conserved,HG1,THR,236.0
2613.0,2656.0,HN,SER,172.0,2636.0,2679.0,conserved,HN,SER,172.0
271.0,313.0,HN,LEU,22.0,271.0,313.0,conserved,HN,LEU,22.0
1989.0,2108.0,HH12,ARG,137.0,2000.0,2119.0,conserved,HH12,ARG,137.0
2264.0,2313.0,HN,VAL,150.0,,,lost,,,
2922.0,3335.0,OD1,ASP,215.0,2945.0,3358.0,conserved,OD1,ASP,215.0
2113.0,2171.0,HN,TRP,141.0,2124.0,2182.0,conserved,HN,TRP,141.0
169.0,228.0,HN,LEU,16.0,169.0,228.0,conserved,HN,LEU,16.0
3538.0,3594.0,HH11,ARG,228.0,3558.0,3614.0,conserved,HH11,ARG,228.0
1565.0,1637.0,HN,VAL,106.0,1580.0,1652.0,conserved,HN,VAL,106.0
3307.0,3356.0,HN,PHE,217.0,,,lost,,,
3468.0,3517.0,HE22,GLN,224.0,,,lost,,,
3049.0,3088.0,HN,ALA,199.0,3072.0,3110.0,conserved,HN,ALA,199.0
2212.0,2259.0,HN,GLY,146.0,,,lost,,,
1141.0,2038.0,HN,THR,133.0,1141.0,2049.0,conserved,HN,THR,133.0
1403.0,1449.0,HN,LEU,95.0,1420.0,1464.0,lost,,,
2193.0,2255.0,HG1,THR,145.0,2204.0,2266.0,conserved,HG1,THR,145.0
1799.0,1840.0,HN,LEU,120.0,1814.0,1855.0,conserved,HN,LEU,120.0
1828.0,1876.0,HN,ILE,122.0,1843.0,1891.0,conserved,HN,ILE,122.0
704.0,3690.0,O,GLY,234.0,704.0,3710.0,conserved,O,GLY,234.0
49.0,92.0,HN,GLY,7.0,49.0,92.0,conserved,HN,GLY,7.0
1857.0,1921.0,HG1,THR,124.0,1872.0,1936.0,conserved,HG1,THR,124.0
3061.0,3199.0,OE1,GLU,207.0,,,lost,,,
710.0,759.0,HN,THR,49.0,710.0,759.0,lost,,,
741.0,792.0,HN,LEU,51.0,741.0,792.0,conserved,HN,LEU,51.0
2232.0,2273.0,HG,CYS,147.0,2243.0,2296.0,conserved,HG,CYS,147.0
3354.0,3470.0,HN,GLY,221.0,3377.0,3487.0,conserved,HN,GLY,221.0
2145.0,2214.0,HN,PHE,143.0,2156.0,2225.0,conserved,HN,PHE,143.0
467.0,528.0,HN,GLY,34.0,467.0,528.0,conserved,HN,GLY,34.0
626.0,637.0,OD1,ASP,41.0,626.0,637.0,conserved,OD1,ASP,41.0
447.0,504.0,HN,ARG,33.0,447.0,504.0,conserved,HN,ARG,33.0
1682.0,3728.0,OE1,GLU,237.0,1697.0,3748.0,conserved,OE1,GLU,237.0
1687.0,1738.0,HN,GLY,112.0,1702.0,1753.0,conserved,HN,GLY,112.0
3042.0,3121.0,HN,VAL,202.0,3065.0,3143.0,conserved,HN,VAL,202.0
3049.0,3081.0,HN,GLY,198.0,3072.0,3103.0,conserved,HN,GLY,198.0
245.0,280.0,HN,THR,20.0,245.0,280.0,conserved,HN,THR,20.0
202.0,254.0,HN,ILE,18.0,202.0,254.0,conserved,HN,ILE,18.0
1417.0,1468.0,HN,LEU,96.0,1434.0,1483.0,conserved,HN,LEU,96.0
1313.0,1359.0,HN,GLY,89.0,,,lost,,,
2275.0,2329.0,HN,VAL,151.0,2298.0,2352.0,conserved,HN,VAL,151.0
2626.0,3597.0,HH21,ARG,228.0,2649.0,3617.0,lost,,,
2789.0,2842.0,HN,LEU,184.0,2812.0,2865.0,conserved,HN,LEU,184.0
292.0,349.0,HN,LEU,24.0,292.0,349.0,conserved,HN,LEU,24.0
3187.0,3237.0,HN,LEU,210.0,3209.0,3260.0,conserved,HN,LEU,210.0
3202.0,3256.0,HN,PHE,211.0,,,lost,,,
1703.0,1755.0,HG1,THR,113.0,1718.0,1770.0,conserved,HG1,THR,113.0
2770.0,2826.0,HN,VAL,183.0,2793.0,2849.0,conserved,HN,VAL,183.0
2079.0,2143.0,HG1,SER,139.0,2090.0,2154.0,conserved,HG1,SER,139.0
252.0,294.0,HN,LEU,21.0,252.0,294.0,conserved,HN,LEU,21.0
2232.0,2266.0,HN,CYS,147.0,2243.0,2289.0,conserved,HN,CYS,147.0
839.0,884.0,HG1,SER,57.0,839.0,884.0,conserved,HG1,SER,57.0
1792.0,1830.0,HN,ALA,119.0,1807.0,1845.0,conserved,HN,ALA,119.0
2665.0,2715.0,HN,THR,176.0,2688.0,2738.0,conserved,HN,THR,176.0
3142.0,3189.0,HN,GLU,207.0,,,lost,,,
2961.0,3025.0,HN,ILE,194.0,2984.0,3048.0,conserved,HN,ILE,194.0
40.0,185.0,HN,LEU,14.0,40.0,185.0,conserved,HN,LEU,14.0
757.0,811.0,HN,VAL,52.0,757.0,811.0,conserved,HN,VAL,52.0
638.0,3685.0,HN,GLY,234.0,638.0,3705.0,conserved,HN,GLY,234.0
,,,,,3485.0,3521.0,gained,HN,PHE,224.0
,,,,,2287.0,2336.0,gained,HN,VAL,150.0
,,,,,3074.0,3221.0,gained,OE1,GLH,207.0
,,,,,1889.0,1940.0,gained,HN,GLY,125.0
,,,,,3225.0,3279.0,gained,HN,PHE,211.0
,,,,,3631.0,3667.0,gained,HN,ILE,232.0
,,,,,1381.0,1446.0,gained,HG1,THR,93.0
,,,,,1448.0,1502.0,gained,HN,LEU,97.0
,,,,,2223.0,2270.0,gained,HN,ILE,146.0
,,,,,3330.0,3389.0,gained,HG1,THR,217.0
,,,,,167.0,1252.0,gained,HH,TYR,82.0
,,,,,1381.0,1436.0,gained,HN,THR,93.0
,,,,,2847.0,2908.0,gained,HN,THR,186.0
,,,,,3330.0,3379.0,gained,HN,THR,217.0
,,,,,3088.0,3098.0,gained,OE1,GLU,197.0
,,,,,2115.0,3101.0,gained,O,GLU,197.0
,,,,,3164.0,3211.0,gained,HN,GLH,207.0
,,,,,3098.0,3223.0,gained,HE2,GLH,207.0
,,,,,3391.0,3494.0,gained,HN,PHE,222.0
,,,,,1369.0,3358.0,gained,OD1,ASP,215.0
,,,,,1313.0,1359.0,gained,HN,TRP,89.0
