atom_id_old_donor,atom_id_old_acceptor,atom_id_new_donor,atom_id_new_acceptor,status,name_wt_donor,residue_wt_donor,residue_id_wt_donor,name_wt_acceptor,residue_wt_acceptor,residue_id_wt_acceptor,name_mut_donor,residue_mut_donor,residue_id_mut_donor,name_mut_acceptor,residue_mut_acceptor,residue_id_mut_acceptor
1302,1348,,1345,only_wt,O,ASN,85,HN,TRP,89,,,,,,
2060,2115,2057,2112,conserved,O,ALA,134,HN,TYR,138,O,ALA,134,HN,TYR,138
926,975,926,975,conserved,O,TYR,60,HN,PHE,64,O,TYR,60,HN,PHE,64
2276,2325,2273,2322,conserved,O,ILE,146,HN,VAL,150,O,ILE,146,HN,VAL,150
595,600,595,600,conserved,OD1,ASP,39,HN,LYS,40,OD1,ASP,39,HN,LYS,40
1953,1991,1950,1988,conserved,O,LEU,126,HN,LEU,130,O,LEU,126,HN,LEU,130
3574,717,3574,717,conserved,O,LEU,227,HH,TYR,46,O,LEU,227,HH,TYR,46
1079,1219,1079,1219,conserved,O,THR,70,HN,ILE,81,O,THR,70,HN,ILE,81
1126,1169,1126,1169,conserved,HN,VAL,74,O,GLU,77,HN,VAL,74,O,GLU,77
2323,2376,2320,2373,conserved,O,ILE,149,HN,TYR,153,O,ILE,149,HN,TYR,153
3165,3209,3171,3215,conserved,O,LEU,204,HN,THR,208,O,LEU,204,HN,THR,208
3522,3576,3525,3576,conserved,O,PHE,224,HN,ARG,228,O,PHE,224,HN,ARG,228
1451,1510,1448,1507,conserved,O,PRO,94,HN,LEU,98,O,PRO,94,HN,LEU,98
2638,3595,2635,3595,conserved,OE2,GLU,169,HH21,ARG,228,OE2,GLU,169,HH21,ARG,228
2640,2689,2637,2686,conserved,O,GLU,169,HG1,THR,173,O,GLU,169,HG1,THR,173
1077,1094,1077,1094,conserved,HG1,THR,70,O,GLU,71,HG1,THR,70,O,GLU,71
2444,2503,2441,2500,conserved,O,ALA,156,HE,ARG,160,O,ALA,156,HE,ARG,160
2637,3630,2634,3630,conserved,OE1,GLU,169,HH21,ARG,230,OE1,GLU,169,HH21,ARG,230
106,131,106,131,conserved,OD1,ASP,8,HE,ARG,10,OD1,ASP,8,HE,ARG,10
3054,3102,3060,3108,conserved,O,GLY,195,HN,GLY,200,O,GLY,195,HN,GLY,200
782,833,782,833,conserved,O,ILE,50,HN,GLY,54,O,ILE,50,HN,GLY,54
358,400,358,400,conserved,O,LEU,24,HN,PHE,28,O,LEU,24,HN,PHE,28
1861,1915,1858,1912,conserved,O,LEU,120,HN,THR,124,O,LEU,120,HN,THR,124
702,761,702,761,conserved,O,TYR,45,HG1,THR,49,O,TYR,45,HG1,THR,49
1333,1391,1330,1388,conserved,O,ALA,87,HN,PHE,91,O,ALA,87,HN,PHE,91
2512,2545,2509,2542,conserved,O,ARG,160,HN,LYS,164,O,ARG,160,HN,LYS,164
2181,2947,2178,2953,conserved,HE1,TRP,141,O,PRO,189,HE1,TRP,141,O,PRO,189
2902,2949,2908,2955,conserved,O,THR,186,HN,ILE,190,O,THR,186,HN,ILE,190
3054,3092,3060,3098,conserved,O,GLY,195,HN,ALA,199,O,GLY,195,HN,ALA,199
831,876,831,876,conserved,O,PRO,53,HG1,SER,57,O,PRO,53,HG1,SER,57
2374,2436,2371,2433,conserved,O,LEU,152,HN,ALA,156,O,LEU,152,HN,ALA,156
271,313,271,313,conserved,O,ILE,18,HN,SER,22,O,ILE,18,HN,SER,22
1142,1169,1142,1169,conserved,HN,GLY,75,O,GLU,77,HN,GLY,75,O,GLU,77
2145,2214,2142,2211,conserved,O,SER,139,HN,PHE,143,O,SER,139,HN,PHE,143
252,294,252,294,conserved,O,GLY,17,HN,LEU,21,O,GLY,17,HN,LEU,21
1358,3341,1355,3347,conserved,HE1,TRP,89,OD2,ASP,215,HE1,TRP,89,OD2,ASP,215
49,54,49,54,conserved,OD1,ASP,4,HN,LEU,5,OD1,ASP,4,HN,LEU,5
1878,2241,1875,2238,conserved,O,MET,121,HG1,SER,144,O,MET,121,HG1,SER,144
3191,3242,3197,3248,conserved,O,ILE,206,HN,LEU,210,O,ILE,206,HN,LEU,210
1927,1974,1924,1971,conserved,O,THR,124,HN,GLY,128,O,THR,124,HN,GLY,128
596,634,596,634,conserved,OD2,ASP,39,HN,ALA,42,OD2,ASP,39,HN,ALA,42
620,668,620,668,conserved,O,LYS,40,HN,GLU,44,O,LYS,40,HN,GLU,44
2036,2048,2033,2045,conserved,O,HIE,132,HG1,THR,133,O,HIE,132,HG1,THR,133
398,461,398,461,conserved,O,THR,27,HN,LEU,31,O,THR,27,HN,LEU,31
494,551,494,551,conserved,O,VAL,32,HN,GLY,36,O,VAL,32,HN,GLY,36
384,441,384,441,conserved,O,GLY,26,HN,PHE,30,O,GLY,26,HN,PHE,30
1096,1205,1096,1205,conserved,HN,VAL,72,O,LEU,79,HN,VAL,72,O,LEU,79
3683,630,3683,630,conserved,HN,GLY,234,OD2,ASP,41,HN,GLY,234,OD2,ASP,41
3070,3203,3076,3209,conserved,HN,GLU,197,OE1,GLH,207,HN,GLU,197,OE1,GLH,207
2169,2234,2166,2231,conserved,O,TRP,140,HN,SER,144,O,TRP,140,HN,SER,144
1803,1844,1800,1841,conserved,O,GLY,116,HN,LEU,120,O,GLY,116,HN,LEU,120
2019,2107,2016,2104,conserved,O,SER,131,HH11,ARG,137,O,SER,131,HH11,ARG,137
1796,1834,1793,1831,conserved,O,VAL,115,HN,ALA,119,O,VAL,115,HN,ALA,119
2912,2968,2918,2974,conserved,O,ALA,187,HN,LEU,191,O,ALA,187,HN,LEU,191
2533,2561,2530,2558,conserved,O,ALA,162,HZ1,LYS,164,O,ALA,162,HZ1,LYS,164
1707,1759,1704,1756,conserved,O,VAL,109,HG1,THR,113,O,VAL,109,HG1,THR,113
1559,1609,1556,1606,conserved,O,LEU,100,HN,ALA,104,O,LEU,100,HN,ALA,104
2829,2900,2835,2906,conserved,O,LEU,182,HG1,THR,186,O,LEU,182,HG1,THR,186
478,527,478,527,conserved,O,LEU,31,HN,TRP,35,O,LEU,31,HN,TRP,35
2543,2567,2540,2564,conserved,O,ALA,163,HN,GLU,165,O,ALA,163,HN,GLU,165
1635,3698,1632,3698,conserved,HZ1,LYS,105,OD2,ASP,235,HZ1,LYS,105,OD2,ASP,235
1989,2108,1986,2105,conserved,O,ALA,129,HH12,ARG,137,O,ALA,129,HH12,ARG,137
1819,1863,1816,1860,conserved,O,VAL,117,HN,MET,121,O,VAL,117,HN,MET,121
2458,2521,2455,2518,conserved,O,THR,157,HG1,SER,161,O,THR,157,HG1,SER,161
3100,3109,3106,3115,conserved,O,ALA,199,HN,VAL,201,O,ALA,199,HN,VAL,201
1423,1472,1420,1469,conserved,O,THR,92,HN,LEU,96,O,THR,92,HN,LEU,96
1370,1425,1367,1422,conserved,O,TRP,89,HN,THR,93,O,TRP,89,HN,THR,93
138,993,138,993,conserved,HH22,ARG,10,O,PHE,64,HH22,ARG,10,O,PHE,64
1913,1955,1910,1952,conserved,O,VAL,123,HN,ILE,127,O,VAL,123,HN,ILE,127
2304,2357,2301,2354,conserved,O,MET,148,HN,LEU,152,O,MET,148,HN,LEU,152
1540,1590,1537,1587,conserved,O,ASH,99,HN,LEU,103,O,ASH,99,HN,LEU,103
3712,629,3712,629,conserved,HG1,THR,236,OD1,ASP,41,HG1,THR,236,OD1,ASP,41
3279,3333,3285,3339,conserved,O,PHE,211,HN,ASP,215,O,PHE,211,HN,ASP,215
1358,3340,1355,3346,lost,HE1,TRP,89,OD1,ASP,215,,,,,,
245,290,245,290,conserved,O,LEU,16,HG1,THR,20,O,LEU,16,HG1,THR,20
1257,1304,1257,1301,conserved,O,TYR,82,HN,TYR,86,O,TYR,82,HN,TYR,86
3312,3362,3318,3365,conserved,O,VAL,213,HN,THR,217,O,VAL,213,HN,THR,217
1046,1280,1046,1280,conserved,O,GLY,68,HN,ALA,84,O,GLY,68,HN,ALA,84
3331,3376,3337,3379,conserved,O,LEU,214,HN,ALA,218,O,LEU,214,HN,ALA,218
3475,3524,3478,,only_wt,O,GLY,221,HN,THR,225,,,,,,
549,558,549,558,conserved,O,TRP,35,HN,VAL,37,O,TRP,35,HN,VAL,37
3240,3298,3246,3304,lost,O,LEU,209,HN,VAL,213,,,,,,
831,869,831,869,conserved,O,PRO,53,HN,SER,57,O,PRO,53,HN,SER,57
2113,2171,2110,2168,conserved,O,ARG,137,HN,TRP,141,O,ARG,137,HN,TRP,141
2079,2143,2076,2140,conserved,O,ILE,135,HG1,SER,139,O,ILE,135,HG1,SER,139
2933,2987,2939,2993,conserved,O,TYR,188,HN,TRP,192,O,TYR,188,HN,TRP,192
3697,616,3697,616,conserved,OD1,ASP,235,HZ1,LYS,40,OD1,ASP,235,HZ1,LYS,40
1897,1936,1894,1933,conserved,O,ILE,122,HN,LEU,126,O,ILE,122,HN,LEU,126
2089,2147,2086,2144,conserved,O,ALA,136,HN,TRP,140,O,ALA,136,HN,TRP,140
3360,3470,,3473,only_wt,O,GLN,216,HN,GLY,221,,,,,,
14,154,14,154,conserved,HN,GLY,2,O,PRO,11,HN,GLY,2,O,PRO,11
817,859,817,859,conserved,O,VAL,52,HN,ALA,56,O,VAL,52,HN,ALA,56
2656,2693,2653,2690,conserved,O,VAL,170,HN,PHE,174,O,VAL,170,HN,PHE,174
3296,3345,3302,,only_wt,O,MET,212,HN,GLN,216,,,,,,
2711,2763,2708,2769,conserved,O,PHE,174,HG1,THR,178,O,PHE,174,HG1,THR,178
2458,2514,2455,2511,conserved,O,THR,157,HN,SER,161,O,THR,157,HN,SER,161
2732,2777,,2783,only_wt,O,GLY,176,HN,LEU,180,,,,,,
2104,3083,2101,3089,conserved,HE,ARG,137,O,GLU,197,HE,ARG,137,O,GLU,197
2488,2535,2485,2532,conserved,O,LEU,159,HN,ALA,163,O,LEU,159,HN,ALA,163
339,396,339,396,conserved,O,MET,23,HG1,THR,27,O,MET,23,HG1,THR,27
1140,2038,1140,2035,conserved,O,VAL,74,HN,THR,133,O,VAL,74,HN,THR,133
1665,1709,1662,1706,conserved,OD2,ASP,107,HN,THR,110,OD2,ASP,107,HN,THR,110
1110,1188,1110,1188,conserved,O,VAL,72,HN,LEU,79,O,VAL,72,HN,LEU,79
1489,1542,1486,1539,conserved,O,LEU,96,HN,LEU,100,O,LEU,96,HN,LEU,100
418,480,418,480,conserved,O,PHE,28,HN,VAL,32,O,PHE,28,HN,VAL,32
1707,1749,1704,1746,conserved,O,VAL,109,HN,THR,113,O,VAL,109,HN,THR,113
1761,1805,1758,1802,conserved,O,THR,113,HN,VAL,117,O,THR,113,HN,VAL,117
2110,3083,2107,3089,lost,HH21,ARG,137,O,GLU,197,,,,,,
2287,2341,2284,2338,conserved,O,CYS,147,HN,VAL,151,O,CYS,147,HN,VAL,151
3468,3504,3471,3507,conserved,O,VAL,220,HN,PHE,224,O,VAL,220,HN,PHE,224
2079,2136,2076,2133,conserved,O,ILE,135,HN,SER,139,O,ILE,135,HN,SER,139
2810,2866,2816,2872,conserved,O,VAL,181,HN,TRP,185,O,VAL,181,HN,TRP,185
642,704,642,704,conserved,O,ALA,42,HN,TYR,46,O,ALA,42,HN,TYR,46
1635,3697,1632,3697,conserved,HZ1,LYS,105,OD1,ASP,235,HZ1,LYS,105,OD1,ASP,235
3312,3372,3318,3375,conserved,O,VAL,213,HG1,THR,217,O,VAL,213,HG1,THR,217
2765,2812,2771,2818,conserved,O,THR,178,HN,LEU,182,O,THR,178,HN,LEU,182
867,907,867,907,conserved,O,ALA,56,HN,TYR,60,O,ALA,56,HN,TYR,60
1972,2010,1969,2007,lost,O,ILE,127,HN,SER,131,,,,,,
49,92,49,92,conserved,OD1,ASP,4,HN,GLY,7,OD1,ASP,4,HN,GLY,7
2506,2720,2503,2717,conserved,HH11,ARG,160,OD1,ASN,175,HH11,ARG,160,OD1,ASN,175
3066,3080,3072,3086,conserved,HG1,THR,196,OE1,GLU,197,HG1,THR,196,OE1,GLU,197
702,751,702,751,conserved,O,TYR,45,HN,THR,49,O,TYR,45,HN,THR,49
3609,3645,3609,3645,conserved,O,SER,229,HN,ILE,232,O,SER,229,HN,ILE,232
3714,617,3714,617,conserved,O,THR,236,HZ2,LYS,40,O,THR,236,HZ2,LYS,40
439,496,439,496,conserved,O,TYR,29,HN,ARG,33,O,TYR,29,HN,ARG,33
1149,1166,1149,1166,conserved,HN,GLY,76,OE1,GLU,77,HN,GLY,76,OE1,GLU,77
2640,2679,2637,2676,conserved,O,GLU,169,HN,THR,173,O,GLU,169,HN,THR,173
2625,2668,2622,2665,conserved,O,PRO,168,HN,SER,172,O,PRO,168,HN,SER,172
1747,1798,1744,1795,conserved,O,GLY,112,HN,GLY,116,O,GLY,112,HN,GLY,116
1689,3726,1686,3726,conserved,HH22,ARG,108,OE1,GLU,237,HH22,ARG,108,OE1,GLU,237
3146,3193,3152,3199,conserved,O,GLY,203,HN,GLH,207,O,GLY,203,HN,GLH,207
3296,3358,3302,,only_wt,O,MET,212,HE22,GLN,216,,,,,,
202,254,202,254,conserved,O,LEU,14,HN,ILE,18,O,LEU,14,HN,ILE,18
1015,973,1015,973,conserved,HN,GLY,66,O,MET,63,HN,GLY,66,O,MET,63
1288,1335,1288,1332,conserved,O,ALA,84,HN,ASH,88,O,ALA,84,HN,ASH,88
2193,2245,2190,2242,conserved,O,TRP,141,HN,THR,145,O,TRP,141,HN,THR,145
618,629,618,629,conserved,HZ3,LYS,40,OD1,ASP,41,HZ3,LYS,40,OD1,ASP,41
107,137,107,137,conserved,OD2,ASP,8,HH21,ARG,10,OD2,ASP,8,HH21,ARG,10
1607,2598,1604,2595,conserved,O,LEU,103,HH11,ARG,166,O,LEU,103,HH11,ARG,166
1470,1529,1467,1526,conserved,O,LEU,95,HN,ASH,99,O,LEU,95,HN,ASH,99
2775,2831,2781,2837,conserved,O,ALA,179,HN,VAL,183,O,ALA,179,HN,VAL,183
1569,1641,1566,1638,conserved,O,ALA,101,HN,VAL,106,O,ALA,101,HN,VAL,106
3688,696,3688,696,conserved,O,GLY,234,HH,TYR,45,O,GLY,234,HH,TYR,45
1740,1782,1737,1779,conserved,O,ILE,111,HN,VAL,115,O,ILE,111,HN,VAL,115
1156,1166,1156,1166,conserved,HN,GLU,77,OE1,GLU,77,HN,GLU,77,OE1,GLU,77
2395,2456,2392,2453,conserved,O,TYR,153,HG1,THR,157,O,TYR,153,HG1,THR,157
2829,2890,2835,2896,conserved,O,LEU,182,HN,THR,186,O,LEU,182,HN,THR,186
801,840,801,840,conserved,O,LEU,51,HN,ILE,55,O,LEU,51,HN,ILE,55
106,118,106,118,conserved,OD1,ASP,8,HN,ARG,10,OD1,ASP,8,HN,ARG,10
1665,1693,1662,1690,conserved,OD2,ASP,107,HN,VAL,109,OD2,ASP,107,HN,VAL,109
185,40,185,40,conserved,HN,LEU,14,O,TYR,3,HN,LEU,14,O,TYR,3
2434,2490,2431,2487,conserved,O,LEU,155,HN,ARG,160,O,LEU,155,HN,ARG,160
1832,1880,1829,1877,conserved,O,ASH,118,HN,ILE,122,O,ASH,118,HN,ILE,122
3536,3592,,3592,only_wt,O,THR,225,HH11,ARG,228,,,,,,
2751,2796,2757,2802,conserved,O,LEU,177,HN,VAL,181,O,LEU,177,HN,VAL,181
3165,3219,3171,3225,conserved,O,LEU,204,HG1,THR,208,O,LEU,204,HG1,THR,208
1780,1821,1777,1818,conserved,O,LEU,114,HN,ASH,118,O,LEU,114,HN,ASH,118
2415,2471,2412,2468,conserved,O,PHE,154,HN,LEU,159,O,PHE,154,HN,LEU,159
3047,3125,3053,3131,conserved,O,ILE,194,HN,VAL,202,O,ILE,194,HN,VAL,202
2691,2734,2688,2740,conserved,O,THR,173,HN,LEU,177,O,THR,173,HN,LEU,177
377,420,377,420,conserved,O,ILE,25,HN,TYR,29,O,ILE,25,HN,TYR,29
1721,1763,1718,1760,conserved,O,THR,110,HN,LEU,114,O,THR,110,HN,LEU,114
1167,2052,1167,2049,conserved,OE2,GLU,77,HN,ALA,134,OE2,GLU,77,HN,ALA,134
2232,2278,2229,2275,conserved,O,PHE,143,HN,CYS,147,O,PHE,143,HN,CYS,147
2711,2753,2708,2759,conserved,O,PHE,174,HN,THR,178,O,PHE,174,HN,THR,178
3374,3477,3377,3480,conserved,O,THR,217,HN,PHE,222,O,THR,217,HN,PHE,222
3172,3223,3178,3229,conserved,O,GLY,205,HN,LEU,209,O,GLY,205,HN,LEU,209
905,958,905,958,conserved,O,MET,59,HN,MET,63,O,MET,59,HN,MET,63
2212,2259,2209,2256,conserved,O,LEU,142,HN,ILE,146,O,LEU,142,HN,ILE,146
749,803,749,803,conserved,O,VAL,48,HN,VAL,52,O,VAL,48,HN,VAL,52
1972,2017,1969,2014,conserved,O,ILE,127,HG1,SER,131,O,ILE,127,HG1,SER,131
3221,3281,3227,3287,conserved,O,THR,208,HN,MET,212,O,THR,208,HN,MET,212
1861,1925,1858,1922,conserved,O,LEU,120,HG1,THR,124,O,LEU,120,HG1,THR,124
3056,3203,3062,3209,conserved,HN,THR,196,OE1,GLH,207,HN,THR,196,OE1,GLH,207
3702,629,3702,629,conserved,HN,THR,236,OD1,ASP,41,HN,THR,236,OD1,ASP,41
2355,2417,2352,2414,conserved,O,VAL,151,HN,LEU,155,O,VAL,151,HN,LEU,155
2339,2397,2336,2394,conserved,O,VAL,150,HN,PHE,154,O,VAL,150,HN,PHE,154
1508,1561,1505,1558,conserved,O,LEU,97,HN,ALA,101,O,LEU,97,HN,ALA,101
3633,3664,3633,3664,conserved,O,ARG,230,HN,LEU,233,O,ARG,230,HN,LEU,233
1664,1719,1661,1716,conserved,OD1,ASP,107,HG1,THR,110,OD1,ASP,107,HG1,THR,110
1691,1742,1688,1739,conserved,O,ARG,108,HN,GLY,112,O,ARG,108,HN,GLY,112
1664,1709,1661,1706,conserved,OD1,ASP,107,HN,THR,110,OD1,ASP,107,HN,THR,110
3341,920,3347,920,conserved,OD2,ASP,215,HH,TYR,60,OD2,ASP,215,HH,TYR,60
1842,1899,1839,1896,conserved,O,ALA,119,HN,VAL,123,O,ALA,119,HN,VAL,123
292,341,292,341,conserved,O,THR,20,HN,LEU,24,O,THR,20,HN,LEU,24
2243,2289,2240,2286,conserved,O,SER,144,HN,MET,148,O,SER,144,HN,MET,148
3259,3314,3265,3320,conserved,O,LEU,210,HN,LEU,214,O,LEU,210,HN,LEU,214
2232,2285,2229,2282,conserved,O,PHE,143,HG,CYS,147,O,PHE,143,HG,CYS,147
2725,2767,2722,2773,conserved,O,ASN,175,HN,ALA,179,O,ASN,175,HN,ALA,179
322,379,322,379,conserved,O,SER,22,HN,GLY,26,O,SER,22,HN,GLY,26
278,324,278,324,conserved,O,GLY,19,HN,MET,23,O,GLY,19,HN,MET,23
1667,1723,1664,1720,conserved,O,ASP,107,HN,ILE,111,O,ASP,107,HN,ILE,111
1346,1411,1343,1408,conserved,O,ASH,88,HN,THR,92,O,ASH,88,HN,THR,92
311,360,311,360,conserved,O,LEU,21,HN,ILE,25,O,LEU,21,HN,ILE,25
2193,2255,2190,2252,conserved,O,TRP,141,HG1,THR,145,O,TRP,141,HG1,THR,145
2947,3011,2953,3017,conserved,O,PRO,189,HN,ILE,193,O,PRO,189,HN,ILE,193
1323,1372,1320,1369,conserved,O,TYR,86,HN,LEU,90,O,TYR,86,HN,LEU,90
3495,3538,3498,3538,conserved,O,PHE,222,HN,LEU,226,O,PHE,222,HN,LEU,226
2128,3090,2125,3096,conserved,HH,TYR,138,O,GLY,198,HH,TYR,138,O,GLY,198
339,386,339,386,conserved,O,MET,23,HN,THR,27,O,MET,23,HN,THR,27
2611,2658,2608,2655,conserved,O,GLY,167,HN,ALA,171,O,GLY,167,HN,ALA,171
2927,3340,2933,3346,conserved,HH,TYR,188,OD1,ASP,215,HH,TYR,188,OD1,ASP,215
1251,167,1251,167,conserved,HH,TYR,82,OE2,GLU,12,HH,TYR,82,OE2,GLU,12
169,228,169,228,conserved,O,GLU,12,HN,LEU,16,O,GLU,12,HN,LEU,16
2257,2306,2254,2303,conserved,O,THR,145,HN,ILE,149,O,THR,145,HN,ILE,149
1039,954,1039,954,conserved,O,ILE,67,HG1,SER,62,O,ILE,67,HG1,SER,62
3070,3080,3076,3086,conserved,HN,GLU,197,OE1,GLU,197,HN,GLU,197,OE1,GLU,197
3080,3205,3086,3211,conserved,OE1,GLU,197,HE2,GLH,207,OE1,GLU,197,HE2,GLH,207
838,880,838,880,conserved,O,GLY,54,HN,ALA,58,O,GLY,54,HN,ALA,58
1686,3726,1683,3726,conserved,HH12,ARG,108,OE1,GLU,237,HH12,ARG,108,OE1,GLU,237
1409,1453,1406,1450,conserved,O,PHE,91,HN,LEU,95,O,PHE,91,HN,LEU,95
857,890,857,890,conserved,O,ILE,55,HN,MET,59,O,ILE,55,HN,MET,59
2666,2722,2663,2719,conserved,O,ALA,171,HD21,ASN,175,O,ALA,171,HD21,ASN,175
1370,1435,1367,1432,conserved,O,TRP,89,HG1,THR,93,O,TRP,89,HG1,THR,93
525,661,525,661,conserved,O,GLY,34,HH12,ARG,43,O,GLY,34,HH12,ARG,43
666,725,666,725,conserved,O,ARG,43,HN,ALA,47,O,ARG,43,HN,ALA,47
245,280,245,280,conserved,O,LEU,16,HN,THR,20,O,LEU,16,HN,THR,20
3207,3261,3213,3267,conserved,O,GLH,207,HN,PHE,211,O,GLH,207,HN,PHE,211
733,784,733,784,conserved,O,ALA,47,HN,LEU,51,O,ALA,47,HN,LEU,51
1278,1325,1278,1322,conserved,O,TYR,83,HN,ALA,87,O,TYR,83,HN,ALA,87
1437,1491,1434,1488,conserved,O,THR,93,HN,LEU,97,O,THR,93,HN,LEU,97
49,73,49,73,conserved,OD1,ASP,4,HN,LEU,6,OD1,ASP,4,HN,LEU,6
1637,3727,1634,3727,conserved,HZ3,LYS,105,OE2,GLU,237,HZ3,LYS,105,OE2,GLU,237
1346,1421,1343,1418,conserved,O,ASH,88,HG1,THR,92,O,ASH,88,HG1,THR,92
2134,2195,2131,2192,conserved,O,TYR,138,HN,LEU,142,O,TYR,138,HN,LEU,142
50,99,50,99,conserved,OD2,ASP,4,HN,ASP,8,OD2,ASP,4,HN,ASP,8
2677,2727,2674,,only_wt,O,SER,172,HN,GLY,176,,,,,,
135,973,135,973,lost,HH12,ARG,10,O,MET,63,,,,,,
1878,1929,1875,1926,conserved,O,MET,121,HN,GLY,125,O,MET,121,HN,GLY,125
2050,2091,2047,2088,conserved,O,THR,133,HN,ARG,137,O,THR,133,HN,ARG,137
945,995,945,995,conserved,O,LEU,61,HN,PHE,65,O,LEU,61,HN,PHE,65
459,520,459,520,conserved,O,PHE,30,HN,GLY,34,O,PHE,30,HN,GLY,34
888,947,888,947,conserved,O,ALA,58,HN,SER,62,O,ALA,58,HN,SER,62
513,556,513,556,conserved,HH12,ARG,33,O,GLY,36,HH12,ARG,33,O,GLY,36
2577,2606,2574,2603,conserved,OE1,GLU,165,HN,GLY,167,OE1,GLU,165,HN,GLY,167
878,928,878,928,conserved,O,SER,57,HN,LEU,61,O,SER,57,HN,LEU,61
681,735,681,735,conserved,O,GLU,44,HN,VAL,48,O,GLU,44,HN,VAL,48
2666,2713,2663,2710,conserved,O,ALA,171,HN,ASN,175,O,ALA,171,HN,ASN,175
226,273,226,273,conserved,O,TRP,15,HN,GLY,19,O,TRP,15,HN,GLY,19
1067,1236,1067,1236,conserved,HN,THR,70,O,ILE,81,HN,THR,70,O,ILE,81
3054,3085,3060,3091,conserved,O,GLY,195,HN,GLY,198,O,GLY,195,HN,GLY,198
2794,2847,2800,2853,conserved,O,LEU,180,HN,LEU,184,O,LEU,180,HN,LEU,184
2966,3030,2972,3036,conserved,O,ILE,190,HN,ILE,194,O,ILE,190,HN,ILE,194
1527,1571,1524,1568,conserved,O,LEU,98,HN,LEU,102,O,LEU,98,HN,LEU,102
632,683,632,683,conserved,O,ASP,41,HN,TYR,45,O,ASP,41,HN,TYR,45
1934,1981,1931,1978,conserved,O,GLY,125,HN,ALA,129,O,GLY,125,HN,ALA,129
2469,2525,2466,2522,conserved,O,SER,158,HN,ALA,162,O,SER,158,HN,ALA,162
2625,2675,2622,2672,conserved,O,PRO,168,HG1,SER,172,O,PRO,168,HG1,SER,172
525,664,525,664,conserved,O,GLY,34,HH22,ARG,43,O,GLY,34,HH22,ARG,43
2638,3611,2635,3611,conserved,OE2,GLU,169,HN,ARG,230,OE2,GLU,169,HN,ARG,230
320,3355,320,,only_wt,HG1,SER,22,OE1,GLN,216,,,,,,
3502,3557,3505,3557,conserved,O,GLY,223,HN,LEU,227,O,GLY,223,HN,LEU,227
,2777,2738,2783,only_mut,,,,,,,O,VAL,176,HN,LEU,180
,3470,3363,3473,only_mut,,,,,,,O,PRO,216,HN,GLY,221
,1348,1299,1345,only_mut,,,,,,,O,CYS,85,HN,TRP,89
271,320,271,320,gain,,,,,,,O,ILE,18,HG1,SER,22
3475,,3478,3534,only_mut,,,,,,,O,GLY,221,HG1,SER,225
,3592,3536,3592,only_mut,,,,,,,O,SER,225,HH11,ARG,228
3475,,3478,3527,only_mut,,,,,,,O,GLY,221,HN,SER,225
1317,3081,1314,3087,gain,,,,,,,HH,TYR,86,OE2,GLU,197
2677,,2674,2724,only_mut,,,,,,,O,SER,172,HN,VAL,176
